de,en,cat,ex,pos,tr
ab,"from, starting",Goethe A1,Ab morgen muss ich arbeiten.,,-den itibaren
aber,but,Goethe A1,"Ich bin oft im Büro, aber nur für wenige Stunden.",,"ama, fakat"
abfahren,to depart,Goethe A1,Wir fahren um zwölf Uhr ab.,,kalkmak (araç)
die Abfahrt,departure,Goethe A1,Vor der Abfahrt rufe ich an.,,kalkış
abgeben,to hand in,Goethe A1,Ich muss meine Schlüssel abgeben.,,teslim etmek
abholen,to pick up,Goethe A1,Wann kann ich den Schrank bei dir abholen?,,almaya gitmek
der Absender,sender,Goethe A1,Da ist ein Brief für dich ohne Absender.,,gönderen
Achtung,"attention, watch out",Goethe A1,Achtung! Das dürfen Sie nicht tun.,,dikkat
die Adresse,address,Goethe A1,Können Sie mir seine Adresse sagen?,,adres
all-,all,Goethe A1,Alles Gute!,,"hepsi, tüm"
allein,alone,Goethe A1,Er kommt allein.,,yalnız
also,"so, therefore",Goethe A1,"Also, es ist so: ...",,"yani, öyleyse"
alt,old,Goethe A1,Wie alt sind Sie?,,"yaşlı, eski"
das Alter,age,Goethe A1,Alter: 26 Jahre.,,yaş
an,"at, on",Goethe A1,Fahren Sie an der nächsten Straße nach rechts.,,"-de, üzerinde"
anbieten,to offer,Goethe A1,Was darf ich dir anbieten?,,"sunmak, ikram etmek"
das Angebot,offer,Goethe A1,Heute sind Sportschuhe im Angebot.,,"teklif, indirim"
ander-,other,Goethe A1,"Nein, ich möchte die andere.",,"diğer, başka"
anfangen,to begin,Goethe A1,Hier fängt die Bahnhofstraße an.,,başlamak
der Anfang,beginning,Goethe A1,Sie wohnt am Anfang der Straße.,,başlangıç
anklicken,to click on,Goethe A1,Da musst du dieses Wort anklicken.,,tıklamak
ankommen,to arrive,Goethe A1,Wann kommt dieser Zug in Hamburg an?,,varmak
die Ankunft,arrival,Goethe A1,Auf diesem Plan steht nur die Ankunft.,,varış
ankreuzen,"to tick, check off",Goethe A1,Auf dem Formular müssen Sie etwas ankreuzen.,,işaretlemek (çarpı ile)
anmachen,to turn on,Goethe A1,Mach bitte das Licht an!,,açmak (cihaz)
sich anmelden,to register,Goethe A1,Wo kann ich mich anmelden?,,kaydolmak
die Anmeldung,registration,Goethe A1,Eine Anmeldung für diesen Kurs ist nicht mehr möglich.,,kayıt
die Anrede,salutation,Goethe A1,Schreiben Sie auch eine Anrede und einen Gruß.,,hitap
anrufen,to call (phone),Goethe A1,Kann man Sie anrufen?,,telefon etmek
der Anruf,phone call,Goethe A1,Sie bekommt viele Anrufe auf ihrem Handy.,,telefon araması
der Anrufbeantworter,answering machine,Goethe A1,Sprechen Sie bitte auf den Anrufbeantworter.,,telesekreter
die Ansage,announcement,Goethe A1,Hören Sie die Ansagen.,,anons
der Anschluss,connection (transport),Goethe A1,In Mannheim haben Sie Anschluss nach Saarbrücken.,,"aktarma, bağlantı"
an sein,to be on (device),Goethe A1,Heute Nacht war das Licht an.,,açık olmak (cihaz)
antworten,to answer,Goethe A1,Er antwortet nicht.,,cevap vermek
die Antwort,answer,Goethe A1,Er gibt leider keine Antwort.,,cevap
die Anzeige,advertisement,Goethe A1,Ich habe Ihre Anzeige in der Zeitung gelesen.,,ilan
sich anziehen,to get dressed,Goethe A1,Ich muss mich noch anziehen.,,giyinmek
das Apartment,apartment,Goethe A1,Wir haben ein Apartment gemietet.,,daire
der Apfel,apple,Goethe A1,Ein Pfund Äpfel bitte.,,elma
der Appetit,appetite,Goethe A1,Guten Appetit!,,iştah
arbeiten,to work,Goethe A1,Wo arbeiten Sie?,,çalışmak
die Arbeit,work,Goethe A1,Mein Bruder sucht Arbeit.,,iş
arbeitslos,unemployed,Goethe A1,"Es gibt bei uns viele Leute, die schon lange arbeitslos sind.",,işsiz
der Arbeitsplatz,workplace,Goethe A1,An meinem Arbeitsplatz fehlt ein Drucker.,,iş yeri
der Arm,arm,Goethe A1,Mein Arm tut weh.,,kol
der Arzt,doctor,Goethe A1,Morgen habe ich einen Termin bei meiner Ärztin.,,doktor
auch,also,Goethe A1,Ich bin auch Spanier.,,"de, da"
auf,on,Goethe A1,Die Kinder spielen auf der Straße.,,üzerinde
die Aufgabe,task,Goethe A1,Das ist eine schwere Aufgabe.,,görev
aufhören,to stop,Goethe A1,Der Kurs hört in einer Woche auf.,,"durmak, bitirmek"
auf sein,to be open,Goethe A1,Die Wohnung ist auf.,,açık olmak (kapı/pencere)
aufstehen,to get up,Goethe A1,Ich muss immer um vier Uhr aufstehen.,,kalkmak (yataktan)
der Aufzug,elevator,Goethe A1,In diesem Haus gibt es keinen Aufzug.,,asansör
das Auge,eye,Goethe A1,Er hat blaue Augen.,,göz
aus,"from, out of",Goethe A1,Er kommt aus Brasilien.,,-den
der Ausflug,excursion,Goethe A1,Morgen machen wir einen Ausflug nach Heidelberg.,,gezi
ausfüllen,to fill out,Goethe A1,Füllen Sie bitte dieses Formular aus.,,doldurmak (form)
der Ausgang,exit,Goethe A1,Wo ist der Ausgang?,,çıkış
die Auskunft,information (desk),Goethe A1,Können Sie mir eine Auskunft geben?,,bilgi (danışma)
das Ausland,abroad,Goethe A1,Fahren Sie ins Ausland?,,yurt dışı
der Ausländer,foreigner,Goethe A1,Sind Sie Ausländerin?,,yabancı
ausländisch,foreign,Goethe A1,Leider habe ich nur ausländisches Geld.,,yabancı (sıfat)
ausmachen,to turn off,Goethe A1,Mach bitte das Licht aus!,,kapatmak (cihaz)
die Aussage,statement,Goethe A1,Ist die Aussage richtig oder falsch?,,ifade
aussehen,"to look, appear",Goethe A1,Das sieht schön aus.,,görünmek
aus sein,to be off / over,Goethe A1,Das Licht ist aus.,,kapalı olmak / bitmiş olmak
aussteigen,to get off (transport),Goethe A1,Wo muss ich aussteigen?,,inmek (araçtan)
der Ausweis,ID card,Goethe A1,Hier ist mein Ausweis.,,kimlik
sich ausziehen,to undress,Goethe A1,"Zieh die Schuhe aus, bitte!",,soyunmak
das Auto,car,Goethe A1,Er kommt mit dem Auto.,,araba
die Autobahn,highway,Goethe A1,Wo geht's hier bitte zur Autobahn?,,otoyol
der Automat,vending machine,Goethe A1,Die Fahrkarten gibt es nur am Automaten.,,otomat
automatisch,automatic,Goethe A1,Das geht automatisch.,,otomatik
das Baby,baby,Goethe A1,Mein Kind ist noch ein Baby.,,bebek
die Bäckerei,bakery,Goethe A1,Ich geh mal schnell zur Bäckerei.,,fırın
das Bad,bathroom,Goethe A1,Wir haben kein großes Bad.,,banyo
baden,to bathe,Goethe A1,"Ich bade nicht so gern, ich dusche lieber.",,banyo yapmak
die Bahn,"railway, train",Goethe A1,Wir fahren lieber mit der Bahn.,,"tren, demiryolu"
der Bahnhof,train station,Goethe A1,Komme ich hier zum Bahnhof?,,tren istasyonu
der Bahnsteig,platform,Goethe A1,Auf welchem Bahnsteig fährt der Zug?,,peron
bald,soon,Goethe A1,Ich komme bald.,,yakında
der Balkon,balcony,Goethe A1,Die Wohnung hat auch einen kleinen Balkon.,,balkon
die Banane,banana,Goethe A1,"Drei Bananen, bitte!",,muz
die Bank,bank / bench,Goethe A1,Die Bank schließt schon um vier Uhr.,,banka / bank
bar,cash,Goethe A1,Muss ich bar zahlen oder geht's auch mit Karte?,,nakit
der Bauch,stomach,Goethe A1,Seit gestern tut mir der Bauch weh.,,karın
der Baum,tree,Goethe A1,"Vorsicht, fahr nicht an den Baum!",,ağaç
der Beamte,"official, civil servant",Goethe A1,Fragen Sie die Beamtin an Schalter acht!,,memur
bedeuten,to mean,Goethe A1,Was bedeutet das Wort?,,anlamına gelmek
beginnen,to begin,Goethe A1,Das Spiel beginnt um 15.30 Uhr.,,başlamak
bei,"at, near",Goethe A1,Ich wohne bei meinen Eltern.,,yanında
beide,both,Goethe A1,Beide Eltern arbeiten.,,her ikisi
das Bein,leg,Goethe A1,Mein rechtes Bein tut weh.,,bacak
das Beispiel,example,Goethe A1,Kannst du mir ein Beispiel sagen?,,örnek
zum Beispiel,for example,Goethe A1,"Viele meiner Verwandten, z. B. meine beiden Brüder, arbeiten auch hier.",,örneğin
bekannt,"known, famous",Goethe A1,Picasso ist sehr bekannt.,,tanınmış
der/die Bekannte,acquaintance,Goethe A1,Ein Bekannter von mir heißt Klaus.,,tanıdık
bekommen,"to receive, get",Goethe A1,Haben Sie meinen Brief bekommen?,,"almak, elde etmek"
benutzen,to use,Goethe A1,Die Aufzüge bitte nicht benutzen!,,kullanmak
der Beruf,profession,Goethe A1,Was sind Sie von Beruf?,,meslek
besetzt,occupied,Goethe A1,Die Nummer ist immer besetzt.,,meşgul
besichtigen,"to visit, tour",Goethe A1,Ich möchte gern den Dom besichtigen.,,"gezmek, ziyaret etmek"
besser,better,Goethe A1,Es geht mir schon besser.,,daha iyi
best-,best,Goethe A1,Am besten treffen wir uns morgen.,,en iyi
bestellen,to order,Goethe A1,"Wir möchten bestellen, bitte.",,sipariş etmek
besuchen,to visit,Goethe A1,Darf ich dich besuchen?,,ziyaret etmek
das Bett,bed,Goethe A1,Wir brauchen noch ein Kinderbett.,,yatak
bezahlen,to pay,Goethe A1,Wo muss ich bezahlen?,,ödemek
das Bier,beer,Goethe A1,Noch ein Bier bitte.,,bira
das Bild,picture,Goethe A1,Hast du ein Bild von deinem Sohn?,,resim
billig,cheap,Goethe A1,Die Jacke kostet nur 10 Euro! Die ist aber billig!,,ucuz
die Birne,pear,Goethe A1,"Ein Kilo Birnen, bitte!",,armut
bis,until,Goethe A1,Ich fahre nur bis Stuttgart.,,-e kadar
bisschen,a little (bit),Goethe A1,Ich spreche ein bisschen Deutsch.,,biraz
bitte,please,Goethe A1,"Eine Tasse Kaffee, bitte!",,lütfen
die Bitte,request,Goethe A1,Ich habe noch eine Bitte.,,rica
bitten,"to ask, request",Goethe A1,Darf ich Sie um etwas bitten?,,rica etmek
bitter,bitter,Goethe A1,Der Kaffee schmeckt bitter.,,acı (tat)
bleiben,to stay,Goethe A1,Ich bleibe heute zu Hause.,,kalmak
der Bleistift,pencil,Goethe A1,Hast du einen Bleistift?,,kurşun kalem
der Blick,view,Goethe A1,Von diesem Hotel hat man einen guten Blick auf den Rhein.,,"manzara, bakış"
die Blume,flower,Goethe A1,Gefallen dir die Blumen?,,çiçek
der Bogen,"form sheet, sheet",Goethe A1,Schreiben Sie Ihre Lösungen bitte auf den Antwortbogen.,,form yaprağı
böse,angry,Goethe A1,Sie ist böse auf mich.,,kızgın
brauchen,to need,Goethe A1,Brauchst du die Zeitung noch?,,ihtiyacı olmak
breit,wide,Goethe A1,Wie breit ist der Schrank?,,geniş
der Brief,letter,Goethe A1,Haben Sie einen Brief für mich?,,mektup
die Briefmarke,stamp,Goethe A1,Kaufst du bitte Briefmarken bei der Post.,,pul
bringen,to bring,Goethe A1,Bringen Sie mir bitte noch einen Kaffee!,,getirmek
das Brot,bread,Goethe A1,Haben Sie auch Weißbrot?,,ekmek
das Brötchen,bread roll,Goethe A1,Möchtest du Brötchen zum Frühstück?,,küçük ekmek (sandviç ekmeği)
der Bruder,brother,Goethe A1,Sein Bruder arbeitet auch hier.,,erkek kardeş
das Buch,book,Goethe A1,Gute Bücher sind oft sehr teuer.,,kitap
der Buchstabe,letter (alphabet),Goethe A1,Diesen Buchstaben gibt es in meiner Sprache nicht.,,harf
buchstabieren,to spell,Goethe A1,Bitte buchstabieren Sie Ihren Namen.,,harf harf söylemek
der Bus,bus,Goethe A1,Wann kommt der nächste Bus?,,otobüs
die Butter,butter,Goethe A1,Für mich bitte ein Brötchen mit Butter und Käse.,,tereyağı
das Café,café,Goethe A1,Sollen wir uns im Café treffen?,,kafe
die CD,CD,Goethe A1,Bring bitte deine Lieblings-CD mit.,,CD
der Chef,boss,Goethe A1,Wir haben eine neue Chefin.,,patron
circa,approximately,Goethe A1,Von Mainz nach Frankfurt sind es circa fünfzig Kilometer.,,yaklaşık
der Computer,computer,Goethe A1,Wann bekommst du deinen neuen Computer?,,bilgisayar
da,there,Goethe A1,Da hinten ist er ja.,,orada
die Dame,lady,Goethe A1,Sehr geehrte Damen und Herren!,,hanımefendi
daneben,next to it,Goethe A1,Daneben ist die Bank.,,"yanında, bitişiğinde"
danken,to thank,Goethe A1,Ich danke Ihnen für die Einladung.,,teşekkür etmek
der Dank,thanks,Goethe A1,Vielen Dank!,,teşekkür
danke,thank you,Goethe A1,"Soll ich Ihnen helfen? – Nein, danke!",,teşekkürler
dann,then,Goethe A1,"Ich muss noch schnell zur Post, dann komme ich.",,sonra
das Datum,date,Goethe A1,Bitte schreiben Sie noch das Datum auf das Formular.,,tarih
dauern,"to last, take (time)",Goethe A1,Wie lange dauert der Film?,,sürmek (zaman)
dein-,your (informal),Goethe A1,Ist das dein Auto?,,senin
denn,because,Goethe A1,"Ich kann nicht kommen, denn ich bin krank.",,çünkü
"der, die, das",the / that,Goethe A1,Ich nehme das da.,,"o, bu (artikel/zamir)"
dich,you (accusative),Goethe A1,Die Blumen sind für dich.,,seni
dies-,this,Goethe A1,Ich nehme lieber diesen Kuchen.,,bu
dir,you (dative),Goethe A1,Gefallen dir die Blumen?,,sana
die Disco,disco,Goethe A1,Heute abend gehen wir in die Disco tanzen.,,disko
der Doktor,doctor,Goethe A1,Meine Tochter ist krank. Wir gehen zum Doktor.,,doktor
das Doppelzimmer,double room,Goethe A1,Wollen Sie ein Doppelzimmer oder ein Einzelzimmer?,,çift kişilik oda
das Dorf,village,Goethe A1,Meine Familie lebt in einem Dorf.,,köy
dort,there,Goethe A1,Dort ist unser Haus.,,orada
draußen,outside,Goethe A1,Wollen wir draußen sitzen?,,dışarıda
drucken,to print,Goethe A1,Bitte drucke das Formular für mich.,,yazdırmak
der Drucker,printer,Goethe A1,Mein Drucker ist kaputt.,,yazıcı
drücken,to press,Goethe A1,"Drück hier, dann geht der Computer an.",,basmak
durch,through,Goethe A1,Am besten gehen Sie durch die Breite Straße.,,"içinden, aracılığıyla"
die Durchsage,announcement,Goethe A1,Ich habe die Durchsage nicht verstanden.,,anons
dürfen,to be allowed to,Goethe A1,Sie dürfen hier nicht rauchen.,,izinli olmak
der Durst,thirst,Goethe A1,Ich habe großen Durst.,,susuzluk
sich duschen,to shower,Goethe A1,"Ich bade nicht so gern, ich dusche lieber.",,duş almak
die Dusche,shower,Goethe A1,Unsere Wohnung hat nur eine Dusche.,,duş
die Ecke,corner,Goethe A1,An der nächsten Ecke links.,,köşe
die Ehefrau,wife,Goethe A1,Das ist mein (Ehe-)Mann/meine (Ehe-)Frau.,,eş (kadın)
der Ehemann,husband,Goethe A1,Das ist mein (Ehe-)Mann/meine (Ehe-)Frau.,,eş (erkek)
das Ei,egg,Goethe A1,Möchtest du ein Ei zum Frühstück?,,yumurta
eilig,"in a hurry, urgent",Goethe A1,Hast du es eilig?,,acele
ein-,"one, a",Goethe A1,Ich nehme ein Bier. Willst du auch eins?,,bir
einfach,simple / one-way,Goethe A1,Die Prüfung ist ganz einfach.,,basit / tek yön
der Eingang,entrance,Goethe A1,Der Eingang ist um die Ecke.,,giriş
einkaufen,to shop,Goethe A1,Ich muss noch für morgen einkaufen.,,alışveriş yapmak
einladen,to invite,Goethe A1,Darf ich Sie zu einem Kaffee einladen?,,davet etmek
die Einladung,invitation,Goethe A1,Danke für die Einladung!,,davet
einmal,once,Goethe A1,Diese Prüfung mache ich nicht noch einmal.,,bir kere
einsteigen,"to board, get in",Goethe A1,"Schnell, steig ein, der Zug fährt gleich.",,binmek (araca)
der Eintritt,"entry, admission",Goethe A1,Der Preis für den Eintritt ist 5 Euro.,,giriş ücreti
das Einzelzimmer,single room,Goethe A1,Haben Sie noch ein Einzelzimmer?,,tek kişilik oda
die Eltern,parents,Goethe A1,Meine Eltern leben in Spanien.,,ebeveynler
die E-Mail,email,Goethe A1,Ich habe Ihre E-Mail nicht bekommen.,,e-posta
der Empfänger,recipient,Goethe A1,"Auf dem Brief steht dein Name, also bist du der Empfänger.",,alıcı
empfehlen,to recommend,Goethe A1,Welchen Wein können Sie mir empfehlen?,,tavsiye etmek
enden,to end,Goethe A1,Die Straße endet hier.,,bitmek
das Ende,end,Goethe A1,Sie wohnt am Ende der Straße.,,son
entschuldigen,"to excuse, apologize",Goethe A1,Entschuldigen Sie bitte!,,özür dilemek
die Entschuldigung,"excuse, apology",Goethe A1,Entschuldigung! – Bitte.,,özür
er,he,Goethe A1,Er heißt Ali.,,o (erkek)
das Ergebnis,result,Goethe A1,Das Ergebnis des Tests bekommen Sie in zwei Wochen.,,sonuç
erklären,to explain,Goethe A1,Kannst du mir das erklären?,,açıklamak
erlauben,to allow,Goethe A1,Rauchen ist hier nicht erlaubt.,,izin vermek
der Erwachsene,adult,Goethe A1,Dieser Film ist nur für Erwachsene.,,yetişkin
erzählen,"to tell, narrate",Goethe A1,Wir müssen euch etwas erzählen!,,anlatmak
es,it,Goethe A1,Es regnet.,,o (nötr)
essen,to eat,Goethe A1,Was gibt es zu essen?,,yemek
das Essen,"food, meal",Goethe A1,Das Essen ist heute sehr gut.,,yemek
euer,your (plural),Goethe A1,Euer Kurs beginnt heute.,,sizin (çoğul)
fahren,"to drive, go (by vehicle)",Goethe A1,Ich fahre mit dem Auto zur Arbeit.,,araçla gitmek
der Fahrer,driver,Goethe A1,Bitte nicht mit dem Fahrer sprechen!,,şoför
die Fahrkarte,ticket (transport),Goethe A1,Hast du schon eine Fahrkarte?,,bilet (ulaşım)
das Fahrrad,bicycle,Goethe A1,Fährst du mit dem Fahrrad oder mit dem Auto?,,bisiklet
falsch,wrong,Goethe A1,Das ist falsch.,,yanlış
die Familie,family,Goethe A1,Meine Familie lebt in Spanien.,,aile
der Familienname,"family name, surname",Goethe A1,Meine Familiennamen sind García González.,,soyadı
der Familienstand,marital status,Goethe A1,Bei „Familienstand“ musst du „ledig“ ankreuzen.,,medeni durum
die Farbe,color,Goethe A1,Die Farbe gefällt mir gut.,,renk
das Fax,fax,Goethe A1,Schicken Sie uns einfach ein Fax!,,faks
Feier-,celebration- (prefix),Goethe A1,"z. B. Feierabend, Feiertag.",,kutlama- (önek)
feiern,to celebrate,Goethe A1,Wir feiern heute meinen Geburtstag.,,kutlamak
fehlen,"to be missing, be absent",Goethe A1,Herr Müller fehlt schon seit drei Tagen.,,"eksik olmak, gelmemek"
der Fehler,mistake,Goethe A1,Diesen Fehler mache ich immer.,,hata
fernsehen,to watch TV,Goethe A1,Wollen wir heute Abend mal fernsehen?,,televizyon izlemek
fertig,"ready, finished",Goethe A1,Bist du fertig?,,hazır
das Feuer,fire,Goethe A1,Haben Sie Feuer?,,ateş
das Fieber,fever,Goethe A1,Mein Mann hat noch immer Fieber.,,ateş (hastalık)
der Film,movie,Goethe A1,Ich möchte gern diesen Film sehen.,,film
finden,to find,Goethe A1,Wir müssen den Schlüssel finden.,,bulmak
die Firma,company,Goethe A1,Er arbeitet jetzt bei einer anderen Firma.,,şirket
der Fisch,fish,Goethe A1,Ich esse gern Fisch.,,balık
die Flasche,bottle,Goethe A1,"Eine Flasche Bier, bitte.",,şişe
das Fleisch,meat,Goethe A1,Fleisch mag ich nicht.,,et
fliegen,to fly,Goethe A1,Ich fliege nicht gern.,,uçmak
abfliegen,to depart (flight),Goethe A1,Wann fliegst du ab?,,kalkmak (uçak)
der Abflug,departure (flight),Goethe A1,Der Abflug ist um 11.20 Uhr.,,uçuş kalkışı
der Flughafen,airport,Goethe A1,Kannst du mich zum Flughafen bringen?,,havalimanı
das Flugzeug,airplane,Goethe A1,Das Flugzeug aus Berlin kommt heute später an.,,uçak
das Formular,form (document),Goethe A1,Sie müssen dieses Formular ausfüllen.,,form
das Foto,photo,Goethe A1,Darf ich ein Foto machen?,,fotoğraf
fragen,to ask,Goethe A1,Er möchte Sie etwas fragen.,,sormak
die Frage,question,Goethe A1,Ich habe eine Frage.,,soru
die Frau,"woman, Mrs.",Goethe A1,Das ist Frau Becker.,,"kadın, bayan"
frei,"free, vacant",Goethe A1,Ist der Platz noch frei?,,"boş, serbest"
die Freizeit,free time,Goethe A1,In meiner Freizeit spiele ich oft Fußball.,,boş zaman
fremd,"foreign, unfamiliar",Goethe A1,Das weiß ich nicht; ich bin fremd hier.,,"yabancı, bilinmedik"
sich freuen,to be glad,Goethe A1,Ich freue mich auf den Urlaub.,,sevinmek
der Freund,friend,Goethe A1,Das ist ein Freund von mir.,,arkadaş
früher,"earlier, in the past",Goethe A1,Früher waren wir oft zusammen im Kino.,,eskiden
frühstücken,to have breakfast,Goethe A1,Am Sonntag frühstücke ich gern im Bett.,,kahvaltı yapmak
das Frühstück,breakfast,Goethe A1,Möchtest du ein Ei zum Frühstück?,,kahvaltı
die Führung,guided tour,Goethe A1,Die Führung durch das Haus beginnt in 3 Minuten.,,rehberli tur
für,for,Goethe A1,Das ist für Sie.,,için
der Fuß,foot,Goethe A1,Der linke Fuß tut mir weh.,,ayak
der Fußball,"football, soccer",Goethe A1,Spielt ihr gerne Fußball?,,futbol
der Garten,garden,Goethe A1,Wir haben leider keinen Garten.,,bahçe
der Gast,guest,Goethe A1,Am Wochenende haben wir mehrere Gäste.,,misafir
geben,to give,Goethe A1,Kannst du mir bitte deinen Kugelschreiber geben?,,vermek
geboren,born,Goethe A1,Ich bin in Zagreb geboren.,,doğmuş
das Geburtsjahr,year of birth,Goethe A1,"Das Geburtsjahr Ihres Sohnes, bitte?",,doğum yılı
der Geburtsort,place of birth,Goethe A1,Bitte schreiben Sie Ihren Geburtsort auf das Formular.,,doğum yeri
der Geburtstag,birthday,Goethe A1,Herzlichen Glückwunsch zum Geburtstag!,,doğum günü
gefallen,"to like, please",Goethe A1,Das gefällt mir.,,hoşuna gitmek
gegen,against,Goethe A1,Ich bin gegen diese Lösung.,,karşı
gehen,"to go, walk",Goethe A1,"Ich weiß nicht, wie das geht.",,gitmek
gehören,to belong to,Goethe A1,Wem gehört das?,,ait olmak
das Geld,money,Goethe A1,Hast du noch Geld?,,para
das Gemüse,vegetables,Goethe A1,Gemüse brauchen wir auch noch.,,sebze
das Gepäck,luggage,Goethe A1,Wollen Sie Ihr Gepäck mitnehmen?,,bagaj
gerade,just now,Goethe A1,Da kommt er ja gerade.,,tam şu anda
geradeaus,straight ahead,Goethe A1,Gehen Sie immer geradeaus!,,"doğru, dümdüz"
gern(e),gladly,Goethe A1,Ich gehe gerne einkaufen.,,memnuniyetle
das Geschäft,"shop, business",Goethe A1,Die Geschäfte schließen um 18.30 Uhr.,,"dükkan, iş"
das Geschenk,gift,Goethe A1,Danke für das schöne Geschenk.,,hediye
die Geschwister,siblings,Goethe A1,Ich habe leider keine Geschwister.,,kardeşler
das Gespräch,conversation,Goethe A1,Das Gespräch mit Frau Kunz ist um 14 Uhr.,,görüşme
gestern,yesterday,Goethe A1,Gestern war ich krank.,,dün
gestorben,died,Goethe A1,Meine Frau ist gestern gestorben.,,öldü
das Getränk,"drink, beverage",Goethe A1,Mein Lieblingsgetränk ist Tomatensaft.,,içecek
das Gewicht,weight,Goethe A1,Bei „Gewicht“ schreibst du: 62 Kilo.,,ağırlık
gewinnen,to win,Goethe A1,Wer gewinnt das Spiel?,,kazanmak
das Glas,glass,Goethe A1,Bitte noch ein Glas Wein!,,bardak
glauben,"to believe, think",Goethe A1,"Ich glaube, er kommt gleich.",,"inanmak, sanmak"
gleich,same / right away,Goethe A1,Das ist mir gleich.,,aynı / hemen
das Gleis,platform track,Goethe A1,Der ICE nach Berlin hält heute an Gleis 12.,,"peron, ray"
das Glück,luck,Goethe A1,Viel Glück!,,şans
glücklich,happy,Goethe A1,Meine Kinder sind glücklich verheiratet.,,mutlu
der Glückwunsch,congratulations,Goethe A1,Herzlichen Glückwunsch zum Geburtstag.,,tebrik
Grad,degree (temperature),Goethe A1,Heute haben wir dreißig Grad.,,derece
gratulieren,to congratulate,Goethe A1,Ich gratuliere dir!,,tebrik etmek
grillen,"to grill, barbecue",Goethe A1,Heute grillen wir im Garten.,,mangal yapmak
groß,"big, tall",Goethe A1,Mein Bruder und ich sind gleich groß.,,"büyük, uzun boylu"
die Größe,size,Goethe A1,Haben Sie das auch in Größe 40?,,"beden, boyut"
die Großeltern,grandparents,Goethe A1,Meine Großeltern leben in Japan.,,büyükanne ve büyükbaba
die Großmutter,grandmother,Goethe A1,Meine Großmutter heißt Eva.,,büyükanne
der Großvater,grandfather,Goethe A1,Mein Großvater ist schon 80.,,büyükbaba
die Gruppe,group,Goethe A1,Die erste Gruppe beginnt um 16 Uhr.,,grup
der Gruß,greeting,Goethe A1,Viele Grüße an Ihre Frau.,,selam
gültig,valid,Goethe A1,Der Pass ist nicht mehr gültig.,,geçerli
günstig,"affordable, favorable",Goethe A1,Dort gibt es günstige Angebote.,,uygun fiyatlı
gut,good,Goethe A1,Das finde ich gut.,,iyi
das Haar,hair,Goethe A1,Sie hat lange Haare.,,saç
haben,to have,Goethe A1,Ich habe ein neues Auto.,,sahip olmak
das Hähnchen,chicken (food),Goethe A1,Ein Hähnchen mit Pommes bitte!,,tavuk (yemek)
die Halbpension,half board,Goethe A1,Möchten Sie Vollpension oder Halbpension?,,yarım pansiyon
die Halle,hall,Goethe A1,Wir treffen uns in Halle B.,,salon
hallo,hello,Goethe A1,Hallo Inge! Wie geht's?,,merhaba
halten,to stop (vehicle),Goethe A1,Dieser Zug hält nicht in Rüdesheim.,,durmak (araç)
die Haltestelle,(bus/tram) stop,Goethe A1,An der nächsten Haltestelle müssen Sie aussteigen.,,durak
die Hand,hand,Goethe A1,Er gibt mir die Hand.,,el
das Handy,mobile phone,Goethe A1,In der Schule bitte die Handys ausmachen!,,cep telefonu
das Haus,house,Goethe A1,In welchem Haus wohnst du?,,ev
nach Hause,(to) home,Goethe A1,Ich gehe jetzt nach Hause.,,eve
zu Hause,at home,Goethe A1,Paul ist nicht zu Hause.,,evde
die Hausaufgabe,homework,Goethe A1,Kannst du mir bei den Hausaufgaben helfen?,,ev ödevi
die Hausfrau,housewife,Goethe A1,"Die Hausfrau/der Hausmann wäscht, kocht und kauft ein.",,ev hanımı
der Hausmann,house husband,Goethe A1,"Die Hausfrau/der Hausmann wäscht, kocht und kauft ein.",,ev erkeği
die Heimat,homeland,Goethe A1,Ich komme aus der Schweiz. Das ist meine Heimat.,,anavatan
heiraten,to marry,Goethe A1,Meine Schwester heiratet einen Japaner.,,evlenmek
heißen,to be called,Goethe A1,Ich heiße Charlotte Meier.,,adı olmak
helfen,to help,Goethe A1,"Können Sie mir helfen, bitte?",,yardım etmek
hell,"bright, light",Goethe A1,Im Sommer ist es bis 21 Uhr hell.,,aydınlık
der Herd,stove,Goethe A1,In der neuen Küche fehlt noch der Herd.,,ocak (mutfak)
der Herr,"Mr., gentleman",Goethe A1,"Guten Tag, Herr Sommer!",,"bay, beyefendi"
herzlich,"warm, cordial",Goethe A1,Herzlichen Glückwunsch!,,"içten, candan"
heute,today,Goethe A1,Heute ist ein schöner Tag.,,bugün
hier,here,Goethe A1,Hier wohne ich.,,burada
die Hilfe,help,Goethe A1,Brauchen Sie meine Hilfe?,,yardım
hinten,at the back,Goethe A1,Die Tür zum Aussteigen ist hinten.,,arkada
das Hobby,hobby,Goethe A1,Meine Hobbys sind Wandern und Schwimmen.,,hobi
hoch,"high, tall",Goethe A1,Der Mount Everest ist 8.880 Meter hoch.,,yüksek
die Hochzeit,wedding,Goethe A1,Zu dieser Hochzeit kommen mehr als fünfzig Gäste.,,düğün
holen,"to fetch, get",Goethe A1,Ich hole zwei Flaschen Wasser aus der Küche.,,"getirmek, almak"
hören,"to hear, listen",Goethe A1,Hör mal! Was ist das?,,"duymak, dinlemek"
das Hotel,hotel,Goethe A1,Im Urlaub sind wir in einem Hotel am Meer.,,otel
der Hund,dog,Goethe A1,Der Hund ist noch jung.,,köpek
der Hunger,hunger,Goethe A1,Ich habe Hunger! Wann ist das Essen fertig?,,açlık
ich,I,Goethe A1,Ich heiße Veronika.,,ben
ihr/ihm/ihn,her/him (dat./acc.),Goethe A1,Gib ihr/ihm bitte das Buch.,,ona (datif/akuzatif)
immer,always,Goethe A1,Frau Bast kommt immer zu spät.,,her zaman
in,in,Goethe A1,Ich wohne in Wiesbaden.,,içinde
die Information,information,Goethe A1,"Wenn Sie Fragen haben, gehen Sie zur Information.",,bilgi
international,international,Goethe A1,Unser Deutschkurs ist international.,,uluslararası
das Internet,internet,Goethe A1,Das findest du im Internet.,,internet
ja,yes,Goethe A1,Sind Sie Herr Watanabe? – Ja.,,evet
die Jacke,jacket,Goethe A1,Zieh dir eine Jacke an. Es ist kalt.,,ceket
jed-,"every, each",Goethe A1,Blumen kannst du in jedem Bahnhof kaufen.,,her
jetzt,now,Goethe A1,Jetzt machen wir eine Pause.,,şimdi
der Job,job,Goethe A1,Jenny hat einen neuen Job bei der Post.,,iş
der Jugendliche,"teenager, youth",Goethe A1,Viele Jugendliche kaufen gern ein.,,genç
jung,young,Goethe A1,Claudia ist 21. – Was? Noch so jung?,,genç
der Junge,boy,Goethe A1,Ich habe zwei Kinder. Einen Jungen und ein Mädchen.,,erkek çocuk
der Kaffee,coffee,Goethe A1,Zum Frühstück trinke ich immer Kaffee.,,kahve
kaputt,broken,Goethe A1,Es geht sehr leicht kaputt.,,"bozuk, kırık"
die Karte,card / map / ticket,Goethe A1,Wollen wir Karten spielen?,,kart / harita / bilet
die Kreditkarte,credit card,Goethe A1,Kann ich auch mit Karte (be-)zahlen?,,kredi kartı
die Kartoffel,potato,Goethe A1,Für Pommes frites braucht man Kartoffeln.,,patates
die Kasse,"checkout, cash register",Goethe A1,Zahlen Sie bitte an der Kasse.,,kasa
kaufen,to buy,Goethe A1,Tim kauft sich ein neues Auto.,,satın almak
kein,"no, not a",Goethe A1,Es gibt keine Eintrittskarten mehr.,,"hiç, hiçbir"
kennen,to know (someone/something),Goethe A1,Kennen Sie diese Frau?,,tanımak
kennenlernen,to get to know,Goethe A1,Wir möchten Sie kennenlernen.,,tanışmak
das Kind,child,Goethe A1,Wie viele Kinder haben Sie?,,çocuk
der Kindergarten,kindergarten,Goethe A1,Die kleine Laura geht schon in den Kindergarten.,,anaokulu
das Kino,cinema,Goethe A1,Wir sehen heute Abend im Kino einen schönen Film.,,sinema
der Kiosk,"kiosk, newsstand",Goethe A1,Am Kiosk bekommen Sie Getränke und Zeitungen.,,büfe
klar,"clear, sure",Goethe A1,Kommst du mit? – Klar!,,"açık, tabii"
die Klasse,class,Goethe A1,In unserer Klasse sind fünfundzwanzig Schüler.,,sınıf
die Kleidung,clothing,Goethe A1,Wo finde ich Kleidung?,,kıyafet
klein,small,Goethe A1,Eltville ist eine kleine Stadt am Rhein.,,küçük
kochen,to cook,Goethe A1,Herr Georgi kann gut kochen.,,yemek pişirmek
der Koffer,suitcase,Goethe A1,Ist das Ihr Koffer?,,bavul
der Kollege,colleague,Goethe A1,Wie heißt die neue Kollegin?,,meslektaş
kommen,to come,Goethe A1,Woher kommen Sie?,,gelmek
können,"can, to be able to",Goethe A1,Ich kann Deutsch und Russisch.,,-ebilmek
das Konto,bank account,Goethe A1,Das Geld überweisen wir am ersten März auf Ihr Konto.,,hesap (banka)
der Kopf,head,Goethe A1,Mein Kopf tut weh!,,baş
kosten,to cost,Goethe A1,Wie viel kostet das? – 10 Euro.,,mal olmak
krank,sick,Goethe A1,Ich bin krank und liege im Bett.,,hasta
kriegen,to get (colloquial),Goethe A1,Ich kriege 15 Euro in der Stunde für meine Arbeit.,,almak (günlük dil)
die Küche,kitchen,Goethe A1,Der neue Herd kommt in die Küche.,,mutfak
der Kuchen,cake,Goethe A1,Ich nehme ein Stück Kuchen.,,pasta
der Kugelschreiber,ballpoint pen,Goethe A1,Hast du einen Kugelschreiber für mich?,,tükenmez kalem
der Kühlschrank,fridge,Goethe A1,"Haben wir noch Milch? – Ja, im Kühlschrank.",,buzdolabı
kulturell,cultural,Goethe A1,Ich bin kulturell interessiert.,,kültürel
sich kümmern,to take care of,Goethe A1,Jede Mutter kümmert sich um ihre kleinen Kinder.,,ilgilenmek
der Kunde,customer,Goethe A1,"Einen Moment, bitte. Ich habe eine Kundin.",,müşteri
der Kurs,course,Goethe A1,Der Deutschkurs geht bis zum Sommer.,,kurs
kurz,short,Goethe A1,Ricardo hat kurzes Haar.,,kısa
lachen,to laugh,Goethe A1,Die Kinder lachen viel.,,gülmek
der Laden,"shop, store",Goethe A1,Im Buchladen können Sie Bücher kaufen.,,dükkan
das Land,country,Goethe A1,Italien ist ein schönes Land.,,ülke
lang,long,Goethe A1,Die Jeans ist zu lang.,,uzun
lange,for a long time,Goethe A1,Wie lange fährt der Zug von Hamburg nach Berlin?,,uzun süre
langsam,slow(ly),Goethe A1,Könnten Sie bitte etwas langsamer sprechen?,,yavaş
laufen,"to run, walk",Goethe A1,"Ich möchte nicht Auto fahren, ich möchte laufen.",,"koşmak, yürümek"
laut,loud,Goethe A1,Nicht so laut! Das Baby schläft.,,gürültülü
leben,to live,Goethe A1,Sie lebt bei ihrer Schwester.,,yaşamak
das Leben,life,Goethe A1,Das Leben in diesem Land ist teuer.,,hayat
die Lebensmittel,"groceries, food",Goethe A1,Lebensmittel bekommen Sie im Supermarkt.,,gıda maddeleri
ledig,single (unmarried),Goethe A1,Sind Sie verheiratet? – Nein. Ledig.,,bekar
legen,"to lay, put",Goethe A1,Legen Sie das Buch auf den Tisch.,,yatay koymak
der Lehrer,teacher,Goethe A1,Unsere Deutschlehrerin heißt Frau Müller.,,öğretmen
leicht,"light, easy",Goethe A1,Der Koffer ist leicht.,,"hafif, kolay"
leider,unfortunately,Goethe A1,Leider kann ich nicht kommen.,,maalesef
leise,"quiet, soft (sound)",Goethe A1,Seid leise. Die anderen schlafen schon.,,sessiz
lernen,to learn,Goethe A1,Wie lange lernen Sie schon Deutsch?,,öğrenmek
lesen,to read,Goethe A1,Ich lese ein Buch von García Márquez.,,okumak
letzt-,last,Goethe A1,Morgen ist der letzte Kurstag.,,son
die Leute,people,Goethe A1,In der Disko sind viele Leute.,,insanlar
das Licht,light,Goethe A1,Wo macht man hier das Licht an?,,ışık
lieb-,dear,Goethe A1,"Liebe Susanne, lieber Hans,",,sevgili
lieben,to love,Goethe A1,Ich liebe dich!,,sevmek
lieber,"rather, preferably",Goethe A1,Sie fährt lieber mit der Bahn.,,tercihen
Lieblings-,favorite,Goethe A1,Mein Lieblingsfilm ist „Schwarze Augen“.,,favori- (önek)
das Lied,song,Goethe A1,Welches ist dein Lieblingslied?,,şarkı
liegen,"to lie, be located",Goethe A1,Frankfurt liegt am Main.,,"yatmak, bulunmak"
links,left,Goethe A1,Gehen Sie die nächste Straße links.,,sol
der Lkw,truck,Goethe A1,Dieser Lastkraftwagen ist sehr groß.,,kamyon
das Lokal,"restaurant, pub",Goethe A1,In unserer Straße gibt es ein neues Lokal.,,"lokal, mekan"
die Lösung,solution,Goethe A1,Die Lösung ist ganz einfach.,,çözüm
lustig,funny,Goethe A1,Frau Mertens ist lustig. Sie lacht immer.,,komik
machen,"to make, do",Goethe A1,Was machst du heute Abend?,,yapmak
das Mädchen,girl,Goethe A1,Familie Kurz bekommt ein Baby. – Junge oder Mädchen?,,kız çocuk
man,one (impersonal),Goethe A1,Hier darf man nicht rauchen.,,insan (genel özne)
der Mann,man,Goethe A1,Mein Mann arbeitet bei der Polizei.,,"adam, koca"
männlich,male,Goethe A1,Kreuzen Sie bitte an: „weiblich“ oder „männlich“.,,erkek (cinsiyet)
die Maschine,machine,Goethe A1,Die Waschmaschine ist günstig.,,makine
das Meer,sea,Goethe A1,Wir machen Urlaub am Meer.,,deniz
mehr,more,Goethe A1,Dieses Auto kostet 1.000 Euro mehr als das andere.,,daha fazla
mein,my,Goethe A1,Mein Vater ist Arzt.,,benim
meist-,most,Goethe A1,Die meisten Norddeutschen sind sehr groß.,,çoğu
der Mensch,"human, person",Goethe A1,Die Menschen sind hier anders als bei uns.,,insan
mieten,to rent,Goethe A1,Ich möchte ein Auto mieten.,,kiralamak
die Miete,rent,Goethe A1,Die Miete für diese Wohnung ist 600 Euro.,,kira
die Milch,milk,Goethe A1,Die Milch steht im Kühlschrank.,,süt
mit,with,Goethe A1,Trinken Sie den Kaffee mit Milch?,,ile
mitbringen,to bring along,Goethe A1,Soll ich dir was mitbringen?,,yanında getirmek
mitkommen,to come along,Goethe A1,Ich gehe ins Kino. Kommst du mit?,,birlikte gelmek
mitmachen,to join in,Goethe A1,Warum macht ihr nicht mit?,,katılmak
mitnehmen,to take along,Goethe A1,Nehmen wir meine Schwester ins Kino mit?,,yanında götürmek
die Mitte,middle,Goethe A1,Der Lehrer steht in der Mitte des Klassenzimmers.,,orta
die Möbel,furniture,Goethe A1,Sind die Möbel neu?,,mobilya
möchten,would like,Goethe A1,Was möchten Sie trinken?,,istemek (nazik)
mögen,to like,Goethe A1,Magst du Kaffee oder Tee?,,hoşlanmak
möglich,possible,Goethe A1,Mit dieser Fahrkarte ist die Fahrt ab 9 Uhr möglich.,,mümkün
der Moment,moment,Goethe A1,Einen Moment bitte.,,"an, dakika"
morgen,tomorrow,Goethe A1,Morgen beginnt die Schule um 10 Uhr.,,yarın
müde,tired,Goethe A1,Ich bin müde. Ich gehe schlafen.,,yorgun
der Mund,mouth,Goethe A1,Öffnen Sie den Mund.,,ağız
müssen,"must, to have to",Goethe A1,Ich muss jeden Tag von 8 bis 18 Uhr arbeiten.,,zorunda olmak
die Mutter,mother,Goethe A1,Frau Berghäuser ist die Mutter von Michaela.,,anne
nach,"after, to",Goethe A1,Ich fliege nach München.,,"sonra, -e doğru"
nächst-,next,Goethe A1,Sehen wir uns nächste Woche?,,sonraki
der Name,name,Goethe A1,Mein Name ist Thomas Schmidt.,,isim
nehmen,to take,Goethe A1,Ich nehme den Bus.,,almak
nein,no,Goethe A1,Fährst du auch nach München? – Nein.,,hayır
neu,new,Goethe A1,Wir haben eine neue Wohnung.,,yeni
nicht,not,Goethe A1,Das stimmt nicht.,,değil
nichts,nothing,Goethe A1,Das macht nichts.,,hiçbir şey
nie,never,Goethe A1,Er kommt nie pünktlich.,,asla
noch,"still, yet",Goethe A1,Ich habe noch 20 Euro.,,"hâlâ, daha"
normal,normal,Goethe A1,75 kg. Sein Gewicht ist normal.,,normal
die Nummer,number,Goethe A1,Können Sie mir Ihre Nummer geben?,,numara
nur,only,Goethe A1,Ich möchte nur ein Glas Wasser.,,sadece
oben,"upstairs, above",Goethe A1,Ich wohne oben.,,yukarıda
das Obst,fruit,Goethe A1,Im Sommer ist das Obst billig.,,meyve
oder,or,Goethe A1,Wann können Sie kommen – heute oder morgen?,,veya
öffnen,to open,Goethe A1,Ich öffne die Tür.,,açmak
geöffnet,open,Goethe A1,Der Laden ist samstags bis 16.00 Uhr geöffnet.,,açık
oft,often,Goethe A1,Petra treffe ich oft.,,sık sık
ohne,without,Goethe A1,Ohne Geld kann er nichts kaufen.,,-siz
das Öl,oil,Goethe A1,Den Salat machen wir ohne Öl.,,yağ
die Oma,grandma,Goethe A1,Meine Oma ist schon tot.,,büyükanne
der Opa,grandpa,Goethe A1,Mein Opa heißt Hans.,,büyükbaba
die Ordnung,order,Goethe A1,Das ist in Ordnung.,,düzen
der Ort,place,Goethe A1,Der Ort liegt am Meer.,,yer
das Papier,paper,Goethe A1,Hier sind Papier und Bleistift.,,kağıt
die Papiere,"documents, papers",Goethe A1,Haben Sie Ihre Papiere dabei?,,evraklar
der Partner,partner,Goethe A1,Sie ist meine Partnerin.,,partner
die Party,party,Goethe A1,Heute Abend machen wir eine Party.,,parti
der Pass,passport,Goethe A1,Im Hotel brauchst du deinen Pass.,,pasaport
die Pause,break,Goethe A1,Von 12.00 bis 12.30 Uhr haben wir Mittagspause.,,mola
der Plan,"plan, map",Goethe A1,Ich kaufe mir einen Stadtplan.,,plan
der Platz,"place, seat, square",Goethe A1,"Tut mir leid, der Platz ist besetzt.",,"yer, koltuk, meydan"
die Polizei,police,Goethe A1,Holen Sie die Polizei!,,polis
die Pommes frites,French fries,Goethe A1,Die Kinder essen Hähnchen mit Pommes frites.,,patates kızartması
die Post,"post office, mail",Goethe A1,"Wo ist die Post, bitte?",,"postane, posta"
die Postleitzahl,postal code,Goethe A1,Wie ist Ihre Postleitzahl?,,posta kodu
das Praktikum,internship,Goethe A1,Ich mache ein Praktikum bei Siemens.,,staj
die Praxis,(doctor's) practice,Goethe A1,Die Praxis ist ab acht Uhr geöffnet.,,muayenehane
der Preis,price,Goethe A1,Die Preise sind hoch.,,fiyat
das Problem,problem,Goethe A1,Mein Problem ist die Sprache.,,sorun
der Prospekt,brochure,Goethe A1,Bitte schicken Sie mir einen Prospekt von Ihrem Hotel.,,broşür
die Prüfung,exam,Goethe A1,Die Prüfung ist am Montag um 8.00 Uhr.,,sınav
pünktlich,"punctual, on time",Goethe A1,Der Bus fährt pünktlich um acht Uhr.,,"dakik, zamanında"
Rad fahren,to cycle,Goethe A1,Das Kind kann schon Rad fahren.,,bisiklete binmek
rauchen,to smoke,Goethe A1,Ich rauche nicht.,,sigara içmek
der Raum,"room, space",Goethe A1,Der Unterricht ist in Raum 332.,,"oda, mekan"
die Rechnung,"bill, invoice",Goethe A1,"Die Rechnung, bitte.",,"fatura, hesap"
rechts,right,Goethe A1,Die Schillerstraße ist hier rechts.,,sağ
regnen,to rain,Goethe A1,Heute regnet es.,,yağmur yağmak
der Regen,rain,Goethe A1,Bei diesem Regen gehe ich nicht raus.,,yağmur
der Reis,rice,Goethe A1,Ich esse gern Reis.,,pirinç
reisen,to travel,Goethe A1,Ich reise gern.,,seyahat etmek
die Reise,"trip, journey",Goethe A1,Wir machen eine Reise nach Österreich.,,yolculuk
das Reisebüro,travel agency,Goethe A1,Mein Mann arbeitet im Reisebüro.,,seyahat acentesi
der Reiseführer,tour guide / guidebook,Goethe A1,Ich kaufe mir einen Reiseführer von Berlin.,,rehber / seyahat rehberi
reparieren,to repair,Goethe A1,Er hat das Fahrrad repariert.,,tamir etmek
die Reparatur,repair,Goethe A1,Die Reparatur ist sehr teuer.,,tamir
das Restaurant,restaurant,Goethe A1,Wir essen heute in einem Restaurant.,,restoran
die Rezeption,reception,Goethe A1,Fragen Sie bitte im Hotel an der Rezeption.,,resepsiyon
richtig,"right, correct",Goethe A1,Das ist richtig.,,doğru
riechen,to smell,Goethe A1,Dieser Wein riecht gut.,,"koklamak, kokmak"
ruhig,"calm, quiet",Goethe A1,Ich möchte ein ruhiges Zimmer.,,sakin
der Saft,juice,Goethe A1,Möchtest du einen Apfelsaft?,,meyve suyu
sagen,to say,Goethe A1,"Sag mal, wie geht es dir denn?",,söylemek
der Salat,salad,Goethe A1,Wie schmeckt dir der Salat?,,salata
das Salz,salt,Goethe A1,"Herr Ober, kann ich bitte Salz haben?",,tuz
der Satz,sentence,Goethe A1,Dieser Satz ist sehr einfach.,,cümle
die S-Bahn,suburban train,Goethe A1,Ich nehme lieber die S-Bahn.,,banliyö treni
der Schalter,"counter, ticket window",Goethe A1,Gehen Sie bitte zum Schalter drei!,,gişe
scheinen,to shine,Goethe A1,Die Sonne scheint.,,parlamak (güneş)
schicken,to send,Goethe A1,Bitte schicken Sie mir eine E-Mail.,,göndermek
das Schild,sign,Goethe A1,Haben Sie nicht das Schild gesehen?,,"tabela, levha"
der Schinken,ham,Goethe A1,Ich möchte gern ein Schinkenbrot.,,jambon
schlafen,to sleep,Goethe A1,Ich schlafe meistens acht Stunden.,,uyumak
schlecht,bad,Goethe A1,Mir ist schlecht!,,kötü
schließen,to close,Goethe A1,"Bitte, schließen Sie die Tür.",,kapatmak
geschlossen,closed,Goethe A1,Die Bank hat am Samstag geschlossen.,,kapalı
der Schluss,end,Goethe A1,Ich muss jetzt Schluss machen.,,son
der Schlüssel,key,Goethe A1,Ich gebe Ihnen noch den Zimmerschlüssel.,,anahtar
schmecken,to taste,Goethe A1,Schmeckt das gut?,,"tatmak, tadı olmak"
schnell,fast,Goethe A1,Er fährt schnell.,,hızlı
schon,already,Goethe A1,Ist das Essen schon fertig?,,"zaten, çoktan"
schön,"beautiful, nice",Goethe A1,Das ist sehr schön.,,güzel
der Schrank,"cupboard, closet",Goethe A1,Die Gläser stehen im Schrank.,,dolap
schreiben,to write,Goethe A1,Er schreibt jeden Tag fünfzig E-Mails.,,yazmak
der Schuh,shoe,Goethe A1,Zieh die Schuhe aus!,,ayakkabı
die Schule,school,Goethe A1,Meine Tochter geht schon in die Schule.,,okul
der Schüler,"pupil, student",Goethe A1,In meinem Kurs sind acht Schülerinnen und fünf Schüler.,,öğrenci (okul)
schwer,"heavy, difficult",Goethe A1,Ist Ihr Gepäck sehr schwer?,,"ağır, zor"
die Schwester,sister,Goethe A1,Meine Schwester kommt am Dienstag.,,kız kardeş
schwimmen,to swim,Goethe A1,Ich schwimme jeden Tag einen Kilometer.,,yüzmek
das Schwimmbad,swimming pool,Goethe A1,Kommst du mit ins Schwimmbad?,,yüzme havuzu
der See,lake,Goethe A1,"Komm, wir fahren zum Starnberger See.",,göl
sehen,to see,Goethe A1,Ich kann dich nicht sehen.,,görmek
die Sehenswürdigkeit,tourist sight,Goethe A1,Welche Sehenswürdigkeiten gibt es in Frankfurt?,,gezilecek yer
sehr,very,Goethe A1,Das ist sehr schwer.,,çok
sein,to be / his,Goethe A1,Ich bin dreiundzwanzig.,,olmak / onun (eril)
weg sein,"to be gone, away",Goethe A1,Herr Meier ist schon weg.,,gitmiş olmak
zu sein,to be closed,Goethe A1,Die Tür ist zu.,,kapalı olmak
seit,"since, for (time)",Goethe A1,Ich wohne seit drei Jahren in Köln.,,-den beri
selbstständig,"independent, self-employed",Goethe A1,Er ist selbstständig.,,"bağımsız, kendi işinin sahibi"
sich,oneself,Goethe A1,Sie müssen sich erst anmelden.,,kendi(si)
sie,she / they,Goethe A1,Wie heißt sie?,,o (dişil) / onlar
Sie,you (formal),Goethe A1,"Wie heißen Sie, bitte?",,siz (resmi)
sitzen,to sit,Goethe A1,Wo sitzen Sie?,,oturmak
so,"so, like this",Goethe A1,Sie müssen das so machen!,,böyle
das Sofa,sofa,Goethe A1,Das Sofa ist neu.,,kanepe
sofort,immediately,Goethe A1,Bitte antworten Sie sofort.,,hemen
der Sohn,son,Goethe A1,"Das ist Hans, mein Sohn.",,oğul
sollen,"should, to be supposed to",Goethe A1,Soll ich kommen?,,gerekmek
die Sonne,sun,Goethe A1,Die Sonne scheint.,,güneş
spät,late,Goethe A1,"Es ist schon spät, ich muss gehen.",,geç
später,later,Goethe A1,Das können wir später machen.,,daha sonra
die Speisekarte,menu,Goethe A1,"Bringen Sie mir die Speisekarte, bitte.",,menü
spielen,to play,Goethe A1,Die Kinder spielen draußen.,,oynamak
der Sport,sport,Goethe A1,Ich mache viel Sport.,,spor
die Sprache,language,Goethe A1,Welche Sprachen sprichst du?,,dil
sprechen,to speak,Goethe A1,Kann ich mit Herrn Klein sprechen?,,konuşmak
die Stadt,city,Goethe A1,Heidelberg ist eine alte Stadt.,,şehir
stehen,to stand,Goethe A1,Der Bus steht schon an der Haltestelle.,,ayakta durmak
die Stelle,"position, job",Goethe A1,Ich habe eine neue Stelle.,,"pozisyon, iş"
stellen,"to put, place",Goethe A1,Stell die Tasche rechts in die Ecke!,,dikey koymak
der Stock,floor (building),Goethe A1,Unsere Wohnung liegt im ersten Stock.,,kat
die Straße,street,Goethe A1,In welcher Straße wohnen Sie?,,sokak
die Straßenbahn,tram,Goethe A1,Wo fährt die Straßenbahn ab?,,tramvay
studieren,to study (university),Goethe A1,Ich studiere in Mainz.,,üniversitede okumak
das Studium,studies (university),Goethe A1,Das Studium beginnt im Oktober.,,üniversite eğitimi
der Student,student (university),Goethe A1,Ich bin Studentin.,,üniversite öğrencisi
die Stunde,hour,Goethe A1,Ich bin in einer Stunde zurück.,,saat (süre)
suchen,to look for,Goethe A1,Suchst du etwas?,,aramak
tanzen,to dance,Goethe A1,Tanzen Sie gern?,,dans etmek
die Tasche,"bag, pocket",Goethe A1,Ich habe die Schlüssel in der Tasche.,,"çanta, cep"
das Taxi,taxi,Goethe A1,Er fährt mit dem Taxi.,,taksi
der Tee,tea,Goethe A1,Ich trinke morgens immer Tee.,,çay
der Teil,part,Goethe A1,Lies bitte auch den zweiten Teil.,,kısım
telefonieren,to telephone,Goethe A1,Darf ich mal telefonieren?,,telefonla görüşmek
das Telefon,telephone,Goethe A1,Haben Sie Telefon?,,telefon
der Termin,appointment,Goethe A1,Am besten machen wir sofort einen Termin.,,randevu
der Test,test,Goethe A1,Der Test war einfach.,,test
teuer,expensive,Goethe A1,Das ist mir zu teuer.,,pahalı
der Text,text,Goethe A1,Lesen Sie bitte diesen Text.,,metin
das Thema,topic,Goethe A1,Wir sprechen heute über das Thema „Essen und Trinken“.,,konu
das Ticket,ticket,Goethe A1,Wie viel kostet das Ticket?,,bilet
der Tisch,table,Goethe A1,Die Fotos liegen auf dem Tisch.,,masa
die Tochter,daughter,Goethe A1,Das ist meine Tochter Katharina.,,kız evlat
die Toilette,toilet,Goethe A1,"Wo ist die Toilette, bitte?",,tuvalet
die Tomate,tomato,Goethe A1,Die Tomate ist noch grün.,,domates
tot,dead,Goethe A1,Sein Vater ist schon lange tot.,,ölü
sich treffen,to meet,Goethe A1,Ich treffe in der Stadt einen Kollegen.,,buluşmak
die Treppe,stairs,Goethe A1,Die Treppe hoch und dann links.,,merdiven
trinken,to drink,Goethe A1,Möchtest du etwas trinken?,,içmek
tschüss,bye,Goethe A1,Junge Leute sagen meistens „tschüss!“,,hoşça kal
tun,to do,Goethe A1,Ich habe noch etwas zu tun.,,yapmak
über,"over, about",Goethe A1,Gehen Sie hier über die Straße.,,"üzerinden, hakkında"
übernachten,to stay overnight,Goethe A1,Du kannst bei mir übernachten.,,geceyi geçirmek
überweisen,to transfer (money),Goethe A1,Sie können das Geld auch überweisen.,,havale etmek
die Uhr,"clock, o'clock",Goethe A1,Es ist vier Uhr.,,saat
um,"at (time), around",Goethe A1,Er kommt um sieben Uhr.,,"saat (zaman), etrafında"
umziehen,to move (relocate),Goethe A1,Nächsten Monat ziehen wir um.,,taşınmak
und,and,Goethe A1,Peter und Helmut sind meine Söhne.,,ve
unser-,our,Goethe A1,Das ist unsere Lehrerin.,,bizim
unten,"downstairs, below",Goethe A1,Er wohnt ganz unten im Haus.,,aşağıda
unter,under,Goethe A1,Unter uns wohnt eine Familie mit drei Kindern.,,altında
der Unterricht,"lesson, class",Goethe A1,Wir haben Unterricht von 8.00 bis 12.00 Uhr.,,ders
unterschreiben,to sign,Goethe A1,Wo muss ich unterschreiben?,,imzalamak
die Unterschrift,signature,Goethe A1,Hier fehlt noch Ihre Unterschrift.,,imza
der Urlaub,vacation,Goethe A1,Ich nehme im September Urlaub.,,tatil (izin)
der Vater,father,Goethe A1,Mein Vater ist Arbeiter.,,baba
verboten,forbidden,Goethe A1,Hier ist Rauchen verboten.,,yasak
verdienen,to earn,Goethe A1,Ich verdiene 1.500 Euro im Monat.,,kazanmak (para)
der Verein,"club, association",Goethe A1,Es gibt einen neuen Sportverein in der Stadt.,,"kulüp, dernek"
verheiratet,married,Goethe A1,Ich bin verheiratet und habe drei Kinder.,,evli
verkaufen,to sell,Goethe A1,Er verkauft sein altes Auto.,,satmak
der Verkäufer,salesperson,Goethe A1,Meine Mutter ist Verkäuferin im Kaufhaus.,,satıcı
vermieten,to rent out,Goethe A1,Die Wohnung ist schon vermietet.,,kiraya vermek
der Vermieter,landlord,Goethe A1,Unser Vermieter heißt Huber.,,ev sahibi (kiraya veren)
verstehen,to understand,Goethe A1,Können Sie mich verstehen?,,anlamak
der Verwandte,relative,Goethe A1,Peter besucht seine Verwandten in Polen.,,akraba
viel,"much, a lot",Goethe A1,Hier regnet es viel.,,çok
vielleicht,maybe,Goethe A1,Ich komme vielleicht mit dem Bus.,,belki
von,"from, of",Goethe A1,Das Auto von Felix ist kaputt.,,"-den, -in"
vor,"before, in front of",Goethe A1,Das Auto steht vor der Tür.,,"önünde, önce"
der Vorname,first name,Goethe A1,"Ich heiße Müller, mein Vorname ist Eva.",,ad (isim)
die Vorsicht,caution,Goethe A1,Vorsicht! Da kommt ein Auto.,,dikkat
sich vorstellen,to introduce oneself,Goethe A1,Können Sie sich bitte vorstellen?,,kendini tanıtmak
die Vorwahl,area code,Goethe A1,Wie ist die Vorwahl von München?,,alan kodu
wandern,to hike,Goethe A1,Wir wandern um den Chiemsee.,,yürüyüş yapmak (doğada)
wann,when,Goethe A1,Wann bist du fertig?,,ne zaman
warten,to wait,Goethe A1,Können Sie ein paar Minuten warten?,,beklemek
warum,why,Goethe A1,Warum kommt er nicht?,,neden
was,what,Goethe A1,Was ist das?,,ne
was für ein,what kind of,Goethe A1,Was für eine Farbe möchten Sie?,,ne tür bir
sich waschen,to wash oneself,Goethe A1,Wo kann ich mir die Hände waschen?,,yıkanmak
das Wasser,water,Goethe A1,"Ein Glas Wasser, bitte.",,su
weh tun,to hurt,Goethe A1,Mein Bein tut weh.,,ağrımak
weiblich,female,Goethe A1,Kreuzen Sie bitte an: „weiblich“ oder „männlich“.,,kadın (cinsiyet)
der Wein,wine,Goethe A1,"Nein danke, ich möchte keinen Wein.",,şarap
weit,far,Goethe A1,Zum Bahnhof ist es nicht weit.,,uzak
weiter,"further, on",Goethe A1,Der Bus fährt nicht weiter.,,daha ileri
welch-,which,Goethe A1,Welches Buch möchtest du?,,hangi
die Welt,world,Goethe A1,Es gibt viele Probleme auf der Welt.,,dünya
wenig,"little, few",Goethe A1,Ich habe leider nur wenig verstanden.,,az
wer,who,Goethe A1,Wer ist das?,,kim
werden,to become,Goethe A1,Mein Sohn will Arzt werden.,,olmak (değişim)
das Wetter,weather,Goethe A1,Wir hatten schlechtes Wetter.,,hava durumu
wichtig,important,Goethe A1,Dieses Formular ist sehr wichtig.,,önemli
wie,how,Goethe A1,Wie heißt du?,,nasıl
wiederholen,to repeat,Goethe A1,Können Sie das bitte wiederholen?,,tekrarlamak
das Wiederhören,goodbye (on phone),Goethe A1,Also auf Wiederhören!,,hoşça kal (telefonda)
das Wiedersehen,goodbye,Goethe A1,Auf Wiedersehen!,,"hoşça kal, güle güle"
wie viel,how much,Goethe A1,Wie viel Milch nehmen Sie?,,ne kadar
willkommen,welcome,Goethe A1,Herzlich willkommen!,,hoş geldiniz
der Wind,wind,Goethe A1,Der Wind kommt aus Osten.,,rüzgar
wir,we,Goethe A1,Wir lernen Deutsch.,,biz
wissen,to know (fact),Goethe A1,"Weißt du, wie er heißt?",,bilmek (bilgi)
wo,where,Goethe A1,Wo ist die Post?,,nerede
woher,where from,Goethe A1,Woher kommen Sie?,,nereden
wohin,where to,Goethe A1,Wohin fährt dieser Bus?,,nereye
wohnen,"to live, reside",Goethe A1,Ich wohne in München.,,"oturmak, ikamet etmek"
die Wohnung,apartment,Goethe A1,Seit wann haben Sie diese Wohnung?,,daire
wollen,to want,Goethe A1,Wollen Sie einen Kaffee trinken?,,istemek
das Wort,word,Goethe A1,Ich kenne das Wort nicht.,,kelime
wunderbar,wonderful,Goethe A1,Das Essen schmeckt wunderbar.,,harika
zahlen,to pay,Goethe A1,"Zahlen, bitte!",,ödemek
die Zeit,time,Goethe A1,Ich habe heute keine Zeit.,,zaman
zurzeit,currently,Goethe A1,Zurzeit habe ich sehr viel zu tun.,,şu anda
die Zeitung,newspaper,Goethe A1,Ich lese gern Zeitung.,,gazete
die Zigarette,cigarette,Goethe A1,Wie teuer sind die Zigaretten?,,sigara
das Zimmer,room,Goethe A1,Das Zimmer ist groß.,,oda
der Zoll,customs,Goethe A1,Wir müssen noch durch den Zoll.,,gümrük
zu,"to, too",Goethe A1,Ich bin zu Hause.,,"-e, çok (aşırı)"
zufrieden,satisfied,Goethe A1,Ich bin mit der Wohnung zufrieden.,,memnun
der Zug,train,Goethe A1,Ich fahre gern mit dem Zug.,,tren
zurück,back,Goethe A1,Wann kommst du zurück?,,geri
zusammen,together,Goethe A1,Sollen wir zusammen essen gehen?,,birlikte
zwischen,between,Goethe A1,Heidelberg liegt zwischen Frankfurt und Stuttgart.,,arasında
der Montag,Monday,Goethe A1,Am Montag beginnt der Kurs.,,pazartesi
der Dienstag,Tuesday,Goethe A1,Am Dienstag habe ich keine Zeit.,,salı
der Mittwoch,Wednesday,Goethe A1,Mittwoch ist mein freier Tag.,,çarşamba
der Donnerstag,Thursday,Goethe A1,Wir treffen uns am Donnerstag.,,perşembe
der Freitag,Friday,Goethe A1,Freitag gehen wir ins Kino.,,cuma
der Samstag,Saturday,Goethe A1,Am Samstag schlafe ich lange.,,cumartesi
der Sonntag,Sunday,Goethe A1,Sonntag besuchen wir die Großeltern.,,pazar
das Wochenende,weekend,Goethe A1,Was machst du am Wochenende?,,hafta sonu
der Januar,January,Goethe A1,Im Januar ist es sehr kalt.,,ocak
der Februar,February,Goethe A1,Mein Geburtstag ist im Februar.,,şubat
der März,March,Goethe A1,Im März beginnt der Frühling.,,mart
der April,April,Goethe A1,Im April regnet es oft.,,nisan
der Mai,May,Goethe A1,Im Mai sind die Blumen schön.,,mayıs
der Juni,June,Goethe A1,Im Juni fahren wir in den Urlaub.,,haziran
der Juli,July,Goethe A1,Im Juli ist es sehr heiß.,,temmuz
der August,August,Goethe A1,Im August haben die Kinder Ferien.,,ağustos
der September,September,Goethe A1,Im September beginnt die Schule wieder.,,eylül
der Oktober,October,Goethe A1,Im Oktober wird es kühler.,,ekim
der November,November,Goethe A1,Im November ist es oft grau.,,kasım
der Dezember,December,Goethe A1,Im Dezember feiern wir Weihnachten.,,aralık
der Frühling,spring,Goethe A1,Im Frühling blühen die Bäume.,,ilkbahar
der Sommer,summer,Goethe A1,Im Sommer fahren wir ans Meer.,,yaz
der Herbst,autumn,Goethe A1,Im Herbst fallen die Blätter.,,sonbahar
der Winter,winter,Goethe A1,Im Winter schneit es oft.,,kış
schwarz,black,Goethe A1,Sie trägt eine schwarze Jacke.,,siyah
weiß,white,Goethe A1,Das Auto ist weiß.,,beyaz
grau,gray,Goethe A1,Der Himmel ist heute grau.,,gri
rot,red,Goethe A1,Ich mag die rote Tasche.,,kırmızı
blau,blue,Goethe A1,Seine Augen sind blau.,,mavi
gelb,yellow,Goethe A1,Die Banane ist gelb.,,sarı
grün,green,Goethe A1,Die Wiese ist grün.,,yeşil
braun,brown,Goethe A1,Sie hat braune Haare.,,kahverengi
der Norden,north,Goethe A1,Hamburg liegt im Norden.,,kuzey
der Süden,south,Goethe A1,München liegt im Süden.,,güney
der Westen,west,Goethe A1,Köln liegt im Westen.,,batı
der Osten,east,Goethe A1,Dresden liegt im Osten.,,doğu
